{
  "2025-06-10": [
    {
      "steam_id": "76561198287242573",
      "name": "Cago",
      "HLTV 2": 1.7082419991493225,
      "ADR": 101.49285888671875,
      "K/D": 3.115000009536743,
      "MVP": 3,
      "Kills": 26,
      "Deaths": 16.5,
      "Assists": 7,
      "HS": 10.5,
      "HS/Kill ratio": 38,
      "First Kill": 2.5,
      "First Death": 1,
      "Bomb Planted": 0.5,
      "Bomb Defused": 0,
      "HLTV": 1.6231764554977417,
      "KAST": 90,
      "Utility Damage": 72.5,
      "2 kills": 5,
      "3 kills": 2,
      "4 kills": 0.5,
      "5 kills": 0,
      "Nr of Matches": 2,
      "HLTV2 DIFF": 1.7082419991493225,
      "ADR DIFF": 101.49285888671875,
      "Clutch Opportunity": 1,
      "Clutches Won": 0
    },
    {
      "steam_id": "76561198995435616",
      "name": "sedo",
      "HLTV 2": 1.5302234888076782,
      "ADR": 85.31428527832031,
      "K/D": 2.564999997615814,
      "MVP": 1,
      "Kills": 20,
      "Deaths": 15,
      "Assists": 10.5,
      "HS": 6.5,
      "HS/Kill ratio": 32.5,
      "First Kill": 1.5,
      "First Death": 0.5,
      "Bomb Planted": 1,
      "Bomb Defused": 0,
      "HLTV": 1.3571905195713043,
      "KAST": 85,
      "Utility Damage": 127.5,
      "2 kills": 4,
      "3 kills": 0.5,
      "4 kills": 0,
      "5 kills": 0,
      "Nr of Matches": 2,
      "HLTV2 DIFF": 1.5302234888076782,
      "ADR DIFF": 85.31428527832031,
      "Clutch Opportunity": 1,
      "Clutches Won": 1
    },
    {
      "steam_id": "76561198041502233",
      "name": "HiLLbili",
      "HLTV 2": 1.4894735217094421,
      "ADR": 100.02857208251953,
      "K/D": 1.6150000095367432,
      "MVP": 4,
      "Kills": 25,
      "Deaths": 16,
      "Assists": 6,
      "HS": 9,
      "HS/Kill ratio": 37.5,
      "First Kill": 3.5,
      "First Death": 2,
      "Bomb Planted": 1.5,
      "Bomb Defused": 1,
      "HLTV": 1.4022389650344849,
      "KAST": 77.85714340209961,
      "Utility Damage": 5.5,
      "2 kills": 5,
      "3 kills": 1,
      "4 kills": 1,
      "5 kills": 0,
      "Nr of Matches": 2,
      "HLTV2 DIFF": 1.4894735217094421,
      "ADR DIFF": 100.02857208251953,
      "Clutch Opportunity": 2,
      "Clutches Won": 0
    },
    {
      "steam_id": "76561198040459377",
      "name": "daE",
      "HLTV 2": 1.4868735074996948,
      "ADR": 102.17142868041992,
      "K/D": 1.3550000190734863,
      "MVP": 2,
      "Kills": 22,
      "Deaths": 17,
      "Assists": 6,
      "HS": 4.5,
      "HS/Kill ratio": 18.5,
      "First Kill": 3,
      "First Death": 2,
      "Bomb Planted": 1.5,
      "Bomb Defused": 0,
      "HLTV": 1.2918184995651245,
      "KAST": 85,
      "Utility Damage": 35.5,
      "2 kills": 5.5,
      "3 kills": 1,
      "4 kills": 0,
      "5 kills": 0,
      "Nr of Matches": 2,
      "HLTV2 DIFF": 1.4868735074996948,
      "ADR DIFF": 102.17142868041992,
      "Clutch Opportunity": 5,
      "Clutches Won": 0
    },
    {
      "steam_id": "76561198031411056",
      "name": "darbe",
      "HLTV 2": 1.4399884939193726,
      "ADR": 98.11428451538086,
      "K/D": 1.449999988079071,
      "MVP": 2.5,
      "Kills": 21,
      "Deaths": 18.5,
      "Assists": 8,
      "HS": 6,
      "HS/Kill ratio": 31,
      "First Kill": 2,
      "First Death": 1,
      "Bomb Planted": 1,
      "Bomb Defused": 0.5,
      "HLTV": 1.2568475008010864,
      "KAST": 80.71428680419922,
      "Utility Damage": 237,
      "2 kills": 6,
      "3 kills": 1,
      "4 kills": 0,
      "5 kills": 0,
      "Nr of Matches": 2,
      "HLTV2 DIFF": 1.4399884939193726,
      "ADR DIFF": 98.11428451538086,
      "Clutch Opportunity": 2,
      "Clutches Won": 0
    },
    {
      "steam_id": "76561197996079017",
      "name": "Uncle Iroh",
      "HLTV 2": 1.1581890285015106,
      "ADR": 80.62142944335938,
      "K/D": 0.9699999988079071,
      "MVP": 2,
      "Kills": 14,
      "Deaths": 17,
      "Assists": 13,
      "HS": 3.5,
      "HS/Kill ratio": 26,
      "First Kill": 1,
      "First Death": 2.5,
      "Bomb Planted": 0,
      "Bomb Defused": 0,
      "HLTV": 0.9552289843559265,
      "KAST": 82.14285659790039,
      "Utility Damage": 62.5,
      "2 kills": 3,
      "3 kills": 1,
      "4 kills": 0,
      "5 kills": 0,
      "Nr of Matches": 2,
      "HLTV2 DIFF": 1.1581890285015106,
      "ADR DIFF": 80.62142944335938,
      "Clutch Opportunity": 3,
      "Clutches Won": 0
    },
    {
      "steam_id": "76561198001957069",
      "name": "Malawhur",
      "HLTV 2": 1.152521014213562,
      "ADR": 90.04999923706055,
      "K/D": 1.0600000023841858,
      "MVP": 1.5,
      "Kills": 23,
      "Deaths": 19.5,
      "Assists": 4.5,
      "HS": 4,
      "HS/Kill ratio": 23,
      "First Kill": 2,
      "First Death": 1.5,
      "Bomb Planted": 1.5,
      "Bomb Defused": 0,
      "HLTV": 1.0300300121307373,
      "KAST": 69.28571319580078,
      "Utility Damage": 80.5,
      "2 kills": 2.5,
      "3 kills": 2,
      "4 kills": 0.5,
      "5 kills": 0,
      "Nr of Matches": 2,
      "HLTV2 DIFF": 1.152521014213562,
      "ADR DIFF": 90.04999923706055,
      "Clutch Opportunity": 2,
      "Clutches Won": 1
    },
    {
      "steam_id": "76561199508399712",
      "name": "Nerull",
      "HLTV 2": 1.1306169927120209,
      "ADR": 99.00714492797852,
      "K/D": 0.9600000083446503,
      "MVP": 2.5,
      "Kills": 23.5,
      "Deaths": 21,
      "Assists": 7.5,
      "HS": 11.5,
      "HS/Kill ratio": 46,
      "First Kill": 1.5,
      "First Death": 2,
      "Bomb Planted": 0,
      "Bomb Defused": 0,
      "HLTV": 1.0010630190372467,
      "KAST": 66.42857360839844,
      "Utility Damage": 159.5,
      "2 kills": 5.5,
      "3 kills": 1,
      "4 kills": 0.5,
      "5 kills": 0,
      "Nr of Matches": 2,
      "HLTV2 DIFF": 1.1306169927120209,
      "ADR DIFF": 99.00714492797852,
      "Clutch Opportunity": 5,
      "Clutches Won": 0
    },
    {
      "steam_id": "76561198084388347",
      "name": "Titus",
      "HLTV 2": 0.9570969939231873,
      "ADR": 57.14285659790039,
      "K/D": 0.7849999964237213,
      "MVP": 0,
      "Kills": 12,
      "Deaths": 14.5,
      "Assists": 6.5,
      "HS": 5.5,
      "HS/Kill ratio": 51,
      "First Kill": 1,
      "First Death": 1,
      "Bomb Planted": 1,
      "Bomb Defused": 0,
      "HLTV": 0.7613264918327332,
      "KAST": 82.14285659790039,
      "Utility Damage": 19.5,
      "2 kills": 1.5,
      "3 kills": 0,
      "4 kills": 0,
      "5 kills": 0,
      "Nr of Matches": 2,
      "HLTV2 DIFF": 0.9570969939231873,
      "ADR DIFF": 57.14285659790039,
      "Clutch Opportunity": 6,
      "Clutches Won": 0
    },
    {
      "steam_id": "76561198051285785",
      "name": "wormik",
      "HLTV 2": 0.923644483089447,
      "ADR": 69.59285736083984,
      "K/D": 0.7399999797344208,
      "MVP": 0.5,
      "Kills": 15,
      "Deaths": 20.5,
      "Assists": 5.5,
      "HS": 5,
      "HS/Kill ratio": 35,
      "First Kill": 2.5,
      "First Death": 2,
      "Bomb Planted": 1,
      "Bomb Defused": 0,
      "HLTV": 0.7433949708938599,
      "KAST": 72.14285659790039,
      "Utility Damage": 0.5,
      "2 kills": 2.5,
      "3 kills": 0.5,
      "4 kills": 0,
      "5 kills": 0,
      "Nr of Matches": 2,
      "HLTV2 DIFF": 0.923644483089447,
      "ADR DIFF": 69.59285736083984,
      "Clutch Opportunity": 6,
      "Clutches Won": 0
    },
    {
      "steam_id": "76561198004605665",
      "name": "ekl1ps",
      "HLTV 2": 0.8837654888629913,
      "ADR": 68.77857398986816,
      "K/D": 0.7249999940395355,
      "MVP": 1,
      "Kills": 15.5,
      "Deaths": 20,
      "Assists": 5,
      "HS": 5.5,
      "HS/Kill ratio": 35.5,
      "First Kill": 1,
      "First Death": 3.5,
      "Bomb Planted": 2.5,
      "Bomb Defused": 0,
      "HLTV": 0.709538996219635,
      "KAST": 71.42857360839844,
      "Utility Damage": 55.5,
      "2 kills": 4,
      "3 kills": 0,
      "4 kills": 0,
      "5 kills": 0,
      "Nr of Matches": 2,
      "HLTV2 DIFF": 0.8837654888629913,