{
  "2025-06-10": [
    {
      "steam_id": "76561198287242573",
      "name": "Cago",
      "HLTV 2": 1.8725320100784302,
      "ADR": 110.41746012369792,
      "K/D": 3.6600000063578286,
      "MVP": 2.6666666666666665,
      "Kills": 23.666666666666668,
      "Deaths": 12.333333333333334,
      "Assists": 7,
      "HS": 8,
      "HS/Kill ratio": 30.333333333333332,
      "First Kill": 2.6666666666666665,
      "First Death": 1,
      "Bomb Planted": 0.3333333333333333,
      "Bomb Defused": 0.3333333333333333,
      "HLTV": 1.8281566301981609,
      "KAST": 93.33333333333333,
      "Utility Damage": 78,
      "2 kills": 5,
      "3 kills": 1.3333333333333333,
      "4 kills": 0.3333333333333333,
      "5 kills": 0.3333333333333333,
      "Nr of Matches": 3,
      "HLTV2 DIFF": 1.8725320100784302,
      "ADR DIFF": 110.41746012369792,
      "Clutch Opportunity": 4,
      "Clutches Won": 1
    },
    {
      "steam_id": "76561198041502233",
      "name": "HiLLbili",
      "HLTV 2": 1.62166166305542,
      "ADR": 104.33015950520833,
      "K/D": 1.8700000445048015,
      "MVP": 4,
      "Kills": 23,
      "Deaths": 13.333333333333334,
      "Assists": 5,
      "HS": 7.333333333333333,
      "HS/Kill ratio": 32,
      "First Kill": 2.6666666666666665,
      "First Death": 1.6666666666666667,
      "Bomb Planted": 1,
      "Bomb Defused": 0.6666666666666666,
      "HLTV": 1.5308249791463215,
      "KAST": 80.7936503092448,
      "Utility Damage": 10,
      "2 kills": 5.333333333333333,
      "3 kills": 1,
      "4 kills": 0.6666666666666666,
      "5 kills": 0,
      "Nr of Matches": 3,
      "HLTV2 DIFF": 1.62166166305542,
      "ADR DIFF": 104.33015950520833,
      "Clutch Opportunity": 2,
      "Clutches Won": 0
    },
    {
      "steam_id": "76561198995435616",
      "name": "sedo",
      "HLTV 2": 1.560140331586202,
      "ADR": 88.96508026123047,
      "K/D": 2.4333333571751914,
      "MVP": 0.6666666666666666,
      "Kills": 17.666666666666668,
      "Deaths": 12,
      "Assists": 8.666666666666666,
      "HS": 5.666666666666667,
      "HS/Kill ratio": 31.666666666666668,
      "First Kill": 1,
      "First Death": 0.3333333333333333,
      "Bomb Planted": 1.3333333333333333,
      "Bomb Defused": 0,
      "HLTV": 1.3612910310427349,
      "KAST": 87.77777862548828,
      "Utility Damage": 133.33333333333334,
      "2 kills": 4,
      "3 kills": 0.3333333333333333,
      "4 kills": 0,
      "5 kills": 0,
      "Nr of Matches": 3,
      "HLTV2 DIFF": 1.560140331586202,
      "ADR DIFF": 88.96508026123047,
      "Clutch Opportunity": 2,
      "Clutches Won": 2
    },
    {
      "steam_id": "76561198040459377",
      "name": "daE",
      "HLTV 2": 1.4397046566009521,
      "ADR": 95.84761810302734,
      "K/D": 1.346666693687439,
      "MVP": 2.3333333333333335,
      "Kills": 18.666666666666668,
      "Deaths": 14.333333333333334,
      "Assists": 4.666666666666667,
      "HS": 3.6666666666666665,
      "HS/Kill ratio": 17.666666666666668,
      "First Kill": 2.6666666666666665,
      "First Death": 2,
      "Bomb Planted": 1,
      "Bomb Defused": 0,
      "HLTV": 1.2704000075658162,
      "KAST": 85.55555470784505,
      "Utility Damage": 25.333333333333332,
      "2 kills": 4.666666666666667,
      "3 kills": 1,
      "4 kills": 0,
      "5 kills": 0,
      "Nr of Matches": 3,
      "HLTV2 DIFF": 1.4397046566009521,
      "ADR DIFF": 95.84761810302734,
      "Clutch Opportunity": 5,
      "Clutches Won": 0
    },
    {
      "steam_id": "76561197996079017",
      "name": "Uncle Iroh",
      "HLTV 2": 1.3974950114885967,
      "ADR": 94.52539825439453,
      "K/D": 1.3566667040189107,
      "MVP": 2.3333333333333335,
      "Kills": 15,
      "Deaths": 14,
      "Assists": 11,
      "HS": 4,
      "HS/Kill ratio": 27,
      "First Kill": 1,
      "First Death": 2,
      "Bomb Planted": 0,
      "Bomb Defused": 0.3333333333333333,
      "HLTV": 1.1827950080235798,
      "KAST": 85.87301635742188,
      "Utility Damage": 41.666666666666664,
      "2 kills": 2.6666666666666665,
      "3 kills": 1.3333333333333333,
      "4 kills": 0,
      "5 kills": 0,
      "Nr of Matches": 3,
      "HLTV2 DIFF": 1.3974950114885967,
      "ADR DIFF": 94.52539825439453,
      "Clutch Opportunity": 3,
      "Clutches Won": 0
    },
    {
      "steam_id": "76561198031411056",
      "name": "darbe",
      "HLTV 2": 1.392272671063741,
      "ADR": 90.16507975260417,
      "K/D": 1.3966666460037231,
      "MVP": 1.6666666666666667,
      "Kills": 17,
      "Deaths": 14.666666666666666,
      "Assists": 7.666666666666667,
      "HS": 4.666666666666667,
      "HS/Kill ratio": 28,
      "First Kill": 1.6666666666666667,
      "First Death": 1,
      "Bomb Planted": 0.6666666666666666,
      "Bomb Defused": 0.3333333333333333,
      "HLTV": 1.20195468266805,
      "KAST": 84.92063649495442,
      "Utility Damage": 166.66666666666666,
      "2 kills": 4.333333333333333,
      "3 kills": 1,
      "4 kills": 0,
      "5 kills": 0,
      "Nr of Matches": 3,
      "HLTV2 DIFF": 1.392272671063741,
      "ADR DIFF": 90.16507975260417,
      "Clutch Opportunity": 2,
      "Clutches Won": 0
    },
    {
      "steam_id": "76561199508399712",
      "name": "Nerull",
      "HLTV 2": 1.1100136637687683,
      "ADR": 89.87142944335938,
      "K/D": 0.9466666777928671,
      "MVP": 1.6666666666666667,
      "Kills": 19.666666666666668,
      "Deaths": 18.333333333333332,
      "Assists": 5.666666666666667,
      "HS": 8.333333333333334,
      "HS/Kill ratio": 36,
      "First Kill": 1.6666666666666667,
      "First Death": 1.3333333333333333,
      "Bomb Planted": 0,
      "Bomb Defused": 0,
      "HLTV": 1.0038650234540303,
      "KAST": 68.73016103108723,
      "Utility Damage": 113,
      "2 kills": 4.666666666666667,
      "3 kills": 1,
      "4 kills": 0.3333333333333333,
      "5 kills": 0,
      "Nr of Matches": 3,
      "HLTV2 DIFF": 1.1100136637687683,
      "ADR DIFF": 89.87142944335938,
      "Clutch Opportunity": 8,
      "Clutches Won": 0
    },
    {
      "steam_id": "76561198001957069",
      "name": "Malawhur",
      "HLTV 2": 1.0375580191612244,
      "ADR": 84.85555521647136,
      "K/D": 0.9300000071525574,
      "MVP": 1,
      "Kills": 18.666666666666668,
      "Deaths": 18,
      "Assists": 4.333333333333333,
      "HS": 2.6666666666666665,
      "HS/Kill ratio": 15.333333333333334,
      "First Kill": 1.3333333333333333,
      "First Death": 1.3333333333333333,
      "Bomb Planted": 1,
      "Bomb Defused": 0,
      "HLTV": 0.9110233386357626,
      "KAST": 66.19047673543294,
      "Utility Damage": 89,
      "2 kills": 2.6666666666666665,
      "3 kills": 1.3333333333333333,
      "4 kills": 0.3333333333333333,
      "5 kills": 0,
      "Nr of Matches": 3,
      "HLTV2 DIFF": 1.0375580191612244,
      "ADR DIFF": 84.85555521647136,
      "Clutch Opportunity": 3,
      "Clutches Won": 1
    },
    {
      "steam_id": "76561198084388347",
      "name": "Titus",
      "HLTV 2": 1.008884310722351,
      "ADR": 60.71746063232422,
      "K/D": 0.8900000055631002,
      "MVP": 0.3333333333333333,
      "Kills": 11.666666666666666,
      "Deaths": 13,
      "Assists": 5.333333333333333,
      "HS": 5.333333333333333,
      "HS/Kill ratio": 49,
      "First Kill": 1,
      "First Death": 0.6666666666666666,
      "Bomb Planted": 1,
      "Bomb Defused": 0,
      "HLTV": 0.854217012723287,
      "KAST": 79.2063496907552,
      "Utility Damage": 13,
      "2 kills": 2.3333333333333335,
      "3 kills": 0,
      "4 kills": 0,
      "5 kills": 0,
      "Nr of Matches": 3,
      "HLTV2 DIFF": 1.008884310722351,
      "ADR DIFF": 60.71746063232422,
      "Clutch Opportunity": 6,
      "Clutches Won": 0
    },
    {
      "steam_id": "76561198051285785",
      "name": "wormik",
      "HLTV 2": 0.7857189973195394,
      "ADR": 62.32857131958008,
      "K/D": 0.6733333269755045,
      "MVP": 0.3333333333333333,
      "Kills": 12.333333333333334,
      "Deaths": 18,